id;header;description;date;comment_by
1;B2B Pa'anga British Indian Ocean Territory (Chagos Archipelago);Handmade Granite Chips;2020-01-09T08:58:58;streamline Loaf
2;engineer;JSON quantifying Center;2020-01-09T08:52:18;Checking Account relationships
3;Fish Engineer portals;experiences Incredible Plastic Bike;2020-01-08T19:09:28;experiences Salad synthesize
4;reboot Incredible;Distributed Sleek;2020-01-08T20:22:49;olive overriding Path
5;Bacon Bedfordshire Future;Money Market Account;2020-01-09T11:51:16;Toys Designer users
6;Bedfordshire Books;cyan;2020-01-09T01:06:54;Handmade Metal Keyboard Rwanda Franc
7;driver Berkshire;Awesome platforms;2020-01-08T15:30:36;quantifying transmitter
8;overriding;deposit hacking;2020-01-08T23:20:56;Plastic
9;reboot Secured;global;2020-01-08T14:33:42;Incredible programming
10;Licensed Frozen Ball Adaptive SSL;programming Corner;2020-01-08T23:31:58;online back up
